{"x_mean": [[[0.0]]], "x_std": [[[1.0]]], "energy_mean": [[-8245.518519362016, -8241.50708791667]], "energy_std": [[1.3426808537612387, 1.6233857529071434]], "gradient_mean": [[[[0.0]], [[0.0]]]], "gradient_std": [[[[1.342680853761239]], [[1.6233857529071436]]]]}